group,total_members,avg_score
A,3,85.66666666666667
B,3,84.33333333333333
